{
  "checkpoint": "outputs/run_20260323_165439_job179646/checkpoints/best.pt",
  "num_samples": 12,
  "num_inference_steps": 20,
  "mean_ade_m": 12.8596,
  "mean_fde_m": 16.2766,
  "mean_loss": 0.66,
  "timestamp": "20260324_140254",
  "samples": [
    {
      "sample_idx": 0,
      "loss": 0.40481382608413696,
      "gt_rel": [
        [
          0.0,
          0.0
        ],
        [
          -3.0625,
          0.0
        ],
        [
          -6.125,
          0.25
        ],
        [
          -9.1875,
          0.5
        ],
        [
          -12.3125,
          0.75
        ],
        [
          -15.375,
          1.0
        ],
        [
          -18.4375,
          1.0
        ],
        [
          -21.5,
          1.25
        ]
      ],
      "pred_m": [
        [
          21.5,
          0.35627010464668274
        ],
        [
          3.2905709743499756,
          21.169492721557617
        ],
        [
          20.961265563964844,
          -21.5
        ],
        [
          -12.115129470825195,
          -5.048112392425537
        ],
        [
          6.559894561767578,
          -21.5
        ],
        [
          -18.074064254760742,
          21.27885627746582
        ],
        [
          -20.934267044067383,
          16.411876678466797
        ],
        [
          -20.776203155517578,
          -20.099071502685547
        ]
      ],
      "ade": 21.403003692626953,
      "fde": 21.361337661743164
    },
    {
      "sample_idx": 1,
      "loss": 0.6793491244316101,
      "gt_rel": [
        [
          0.0,
          0.0
        ],
        [
          -2.125,
          0.0
        ],
        [
          -3.6875,
          0.25
        ],
        [
          -4.75,
          0.25
        ],
        [
          -5.375,
          0.25
        ],
        [
          -5.6875,
          0.5
        ],
        [
          -6.0,
          0.5
        ],
        [
          -6.3125,
          0.5
        ]
      ],
      "pred_m": [
        [
          -6.3125,
          -3.001793384552002
        ],
        [
          1.2304617166519165,
          -0.38925090432167053
        ],
        [
          3.73555064201355,
          -1.4234286546707153
        ],
        [
          -5.964729309082031,
          6.3125
        ],
        [
          6.3125,
          -2.8619704246520996
        ],
        [
          -6.3125,
          5.628899574279785
        ],
        [
          2.935781478881836,
          -3.7517752647399902
        ],
        [
          5.642821788787842,
          -4.420535564422607
        ]
      ],
      "ade": 8.03072452545166,
      "fde": 12.92831802368164
    },
    {
      "sample_idx": 2,
      "loss": 0.6508041024208069,
      "gt_rel": [
        [
          0.0,
          0.0
        ],
        [
          0.0,
          0.0
        ],
        [
          0.0625,
          0.0
        ],
        [
          0.0625,
          0.0
        ],
        [
          0.0625,
          0.0
        ],
        [
          0.0625,
          0.0
        ],
        [
          0.0625,
          0.0
        ],
        [
          0.0625,
          0.0
        ]
      ],
      "pred_m": [
        [
          -8.49617862701416,
          -14.777992248535156
        ],
        [
          -0.5294257998466492,
          6.884385585784912
        ],
        [
          -15.0,
          -8.944082260131836
        ],
        [
          0.7165799140930176,
          -5.752708435058594
        ],
        [
          -2.4862635135650635,
          -4.449814796447754
        ],
        [
          14.959864616394043,
          -3.6043403148651123
        ],
        [
          -12.40859603881836,
          -13.393028259277344
        ],
        [
          14.579294204711914,
          10.159317970275879
        ]
      ],
      "ade": 12.966594696044922,
      "fde": 17.718608856201172
    },
    {
      "sample_idx": 3,
      "loss": 0.3287675082683563,
      "gt_rel": [
        [
          0.0,
          0.0
        ],
        [
          -1.5,
          0.0
        ],
        [
          -3.3125,
          0.25
        ],
        [
          -5.3125,
          0.25
        ],
        [
          -7.4375,
          0.5
        ],
        [
          -9.5625,
          0.75
        ],
        [
          -11.6875,
          0.75
        ],
        [
          -13.6875,
          1.0
        ]
      ],
      "pred_m": [
        [
          -3.048020601272583,
          13.6875
        ],
        [
          13.6875,
          5.807117938995361
        ],
        [
          -1.8121832609176636,
          -1.8447970151901245
        ],
        [
          -8.775934219360352,
          5.380908489227295
        ],
        [
          7.150027275085449,
          -4.722995281219482
        ],
        [
          -7.415340423583984,
          4.249300956726074
        ],
        [
          0.9638420939445496,
          -9.923941612243652
        ],
        [
          10.474928855895996,
          13.6875
        ]
      ],
      "ade": 12.811649322509766,
      "fde": 27.290945053100586
    },
    {
      "sample_idx": 4,
      "loss": 0.48021453619003296,
      "gt_rel": [
        [
          0.0,
          0.0
        ],
        [
          -1.75,
          0.0
        ],
        [
          -3.625,
          0.0
        ],
        [
          -5.5625,
          0.0
        ],
        [
          -7.6875,
          -0.25
        ],
        [
          -9.9375,
          -0.5
        ],
        [
          -12.25,
          -1.0
        ],
        [
          -14.6875,
          -1.25
        ]
      ],
      "pred_m": [
        [
          5.483932971954346,
          -14.6875
        ],
        [
          -14.651988983154297,
          -9.351066589355469
        ],
        [
          -9.057168960571289,
          -14.6875
        ],
        [
          -3.5416228771209717,
          14.6875
        ],
        [
          11.59034538269043,
          14.6875
        ],
        [
          1.8596287965774536,
          5.527116775512695
        ],
        [
          11.583806037902832,
          -10.285833358764648
        ],
        [
          -14.6875,
          10.683309555053711
        ]
      ],
      "ade": 17.155685424804688,
      "fde": 11.933309555053711
    },
    {
      "sample_idx": 5,
      "loss": 0.6378828287124634,
      "gt_rel": [
        [
          0.0,
          0.0
        ],
        [
          -1.6875,
          0.0
        ],
        [
          -3.0625,
          0.25
        ],
        [
          -4.3125,
          0.25
        ],
        [
          -5.375,
          0.5
        ],
        [
          -6.375,
          0.5
        ],
        [
          -7.375,
          0.75
        ],
        [
          -8.3125,
          0.75
        ]
      ],
      "pred_m": [
        [
          5.858454704284668,
          -4.264338970184326
        ],
        [
          7.838658332824707,
          8.3125
        ],
        [
          -6.529572486877441,
          -4.219712257385254
        ],
        [
          -5.7489848136901855,
          -2.9066989421844482
        ],
        [
          8.3125,
          8.28315258026123
        ],
        [
          8.3125,
          -8.3125
        ],
        [
          -8.3125,
          -0.591448187828064
        ],
        [
          -2.376138210296631,
          -4.9034743309021
        ]
      ],
      "ade": 8.965295791625977,
      "fde": 8.19769287109375
    },
    {
      "sample_idx": 6,
      "loss": 0.8338375687599182,